year,language,total_questions,total_answers,total_views,total_score,total_project,Overall
2008,actionscript,0.0060589686,0.02006289,0.07370194,3448,1.4421644E-4,0.99968016
2008,asp,0.0027139133,0.010330453,0.025792785,787,5.3413496E-6,0.38842493
2008,assembly,0.0014011365,0.0071293027,0.02477481,1611,2.4036073E-5,0.33329284
2008,c#,0.09614826,0.43822932,2.1144571,129840,1.7893521E-4,26.490137
2008,c++,0.044179983,0.24446002,1.013488,78085,0.001321984,13.034501
2008,c,0.0151348,0.09460397,0.41736817,25642,0.0016932079,5.288001
2008,clojure,2.9032558E-4,0.0022865362,0.00512788,864,9.080294E-5,0.07795544
2008,coldfusion,0.0010855652,0.0038695226,0.006781172,356,5.3413496E-6,0.11741601
2008,css,0.012622852,0.07382581,0.60442376,25309,9.080294E-5,6.909632
2008,d,2.2721133E-4,0.0012194859,0.0017487725,346,1.3353374E-5,0.03208823
2008,erlang,5.932741E-4,0.002497601,0.0036264488,469,4.3264934E-4,0.071499735
2008,fortran,2.0196562E-4,0.0010670503,0.0034154393,294,5.3413496E-6,0.046897963
2008,groovy,0.0011486795,0.004514443,0.015407955,887,4.8072146E-5,0.2111915
2008,haskell,0.0010476967,0.005288348,0.009181592,1614,2.0030062E-4,0.15717937
2008,io,0.0029032559,0.014434493,0.11879082,5965,4.540147E-5,1.3617398
2008,java,0.058986586,0.29307532,1.76137,89718,7.3977694E-4,21.141718
2008,javascript,0.035078906,0.18204345,1.661077,96627,0.0037175792,18.819168
2008,lua,5.301598E-4,0.0027203918,0.006040315,448,3.071276E-4,0.095979944
2008,matlab,8.835996E-4,0.003775716,0.017514711,671,2.6706748E-6,0.22176698
2008,objective-c,0.0049986495,0.025198802,0.18310285,11525,5.955605E-4,2.1389585
2008,objective-j,2.5245703E-5,7.035496E-5,9.533687E-5,11,2.9377423E-5,0.0022031497
2008,ocaml,2.2721133E-4,7.856304E-4,0.001660993,262,4.8072146E-5,0.027219066
2008,pascal,1.0098281E-4,4.1040394E-4,5.0212187E-4,73,2.6706748E-6,0.010161793
2008,perl,0.0069299457,0.03658458,0.10989853,5827,0.0012338518,1.546469
2008,php,0.029019937,0.14446218,0.6530844,35673,0.0010041738,8.275707
2008,prolog,1.5147422E-4,9.2634035E-4,0.0019265248,261,2.6706748E-6,0.0300701
2008,python,0.027871259,0.14728811,1.0200955,77833,0.002315475,11.975703
2008,r,1.1360567E-4,9.49792E-4,0.002344777,309,4.2730797E-5,0.034509055
2008,racket,6.311426E-5,2.1106488E-4,1.4099083E-4,23,5.3413496E-6,0.0042051133
2008,rebol,3.7868555E-5,1.5243574E-4,8.842322E-5,14,2.6706748E-6,0.0028139818
2008,ruby,0.022733755,0.09963435,0.32524797,27615,0.017012198,4.6462827
2008,scala,2.7770275E-4,0.0011725826,0.0031053263,398,7.210822E-5,0.0462772
2008,scheme,8.7097683E-4,0.005475961,0.009971346,1016,4.8072146E-5,0.16366357
2008,scilab,1.26228515E-5,2.3451654E-5,8.270158E-5,3,2.6706748E-6,0.0012144677
2008,self,2.0196562E-4,9.0288866E-4,0.0025063895,148,2.6706748E-6,0.036139145
2008,shell,0.0034712842,0.020942327,0.17170198,9275,5.4214697E-4,1.9665775
2008,smalltalk,2.2721133E-4,0.0016064382,0.0015887571,301,2.6706748E-6,0.034250773
2008,tcl,1.6409707E-4,6.6837214E-4,6.8414165E-4,37,2.6706748E-6,0.015192815
2009,actionscript,0.047209468,0.10506341,0.25066695,5655,7.451183E-4,4.0368495
2009,ada,3.7868554E-4,0.0010905019,8.847806E-4,110,5.3413496E-6,0.023593094
2009,applescript,0.001716708,0.0035529255,0.009536024,356,1.0682699E-5,0.14816341
2009,arc,7.573711E-5,3.0487147E-4,3.6237075E-4,59,5.3413496E-6,0.007483207
2009,arduino,6.185198E-4,0.0026265853,0.007229105,327,5.3413496E-6,0.104795516
2009,asp,0.010388607,0.026007885,0.059972163,1443,2.6706748E-5,0.9639537
2009,assembly,0.0089874705,0.030792022,0.0657402,4521,3.7389447E-5,1.0555707
2009,autohotkey,3.0294844E-4,8.208079E-4,0.0017549233,142,1.6024049E-5,0.028947035
2009,awk,0.0024740791,0.010025582,0.02659646,1099,2.6706748E-6,0.39098793
2009,boo,3.1557132E-4,8.09082E-4,7.806467E-4,94,5.3413496E-6,0.019106414
2009,c#,0.59355175,1.816999,5.254347,241632,0.002029713,76.66927
2009,c++,0.22368956,0.84436506,1.8460081,106404,0.004452015,29.185146
2009,c,0.087249145,0.3854748,0.8905453,52766,0.006796867,13.700662
2009,clean,1.2622852E-4,5.628397E-4,0.0019276454,124,2.6706748E-6,0.026193842
2009,clojure,0.0039761984,0.01298049,0.019995568,3550,7.4244756E-4,0.37694705
2009,coffeescript,1.26228515E-5,3.517748E-5,5.5547614E-5,8,2.6706748E-5,0.001300547
2009,coldfusion,0.0073212544,0.019136548,0.02306983,1367,6.676687E-5,0.495944
2009,css,0.09155355,0.31584686,1.629776,56464,2.8042088E-4,20.374567
2009,d,9.3409105E-4,0.0034942965,0.0035079154,676,9.614429E-5,0.08032447
2009,delphi,0.04267786,0.1308016,0.1922026,11499,1.8694724E-5,3.6570075
2009,eiffel,3.7868555E-5,1.2898409E-4,6.162686E-5,17,1.6024049E-5,0.0024450356
2009,elixir,1.5147422E-4,2.3451654E-4,2.8386503E-4,17,8.012024E-6,0.0067786784
2009,erlang,0.005087009,0.0151497675,0.019848999,2681,0.0014635298,0.41549307
2009,f#,0.00655126,0.01955868,0.017792664,2954,2.6706748E-5,0.43929312
2009,factor,6.311426E-5,2.6969402E-4,0.0016116914,161,1.0682699E-5,0.019551825
2009,fortran,0.0016788393,0.004807589,0.009346089,445,2.9377423E-5,0.15861896
2009,go,0.0010603196,0.004303378,0.009809495,1454,2.2967803E-4,0.15402871
2009,groovy,0.005945363,0.0151145905,0.03608385,1924,2.4036074E-4,0.57384163
2009,haskell,0.0065891286,0.023709623,0.03101207,6021,7.958611E-4,0.6210668
2009,haxe,3.660627E-4,8.9116284E-4,0.0014374435,183,1.6024049E-5,0.027106933
2009,idl,3.5343986E-4,5.862913E-4,0.0012430269,64,2.6706748E-6,0.021854285
2009,io,0.01372104,0.048591826,0.25860575,10687,3.2048098E-5,3.2095065
2009,ioke,3.7868555E-5,1.4070992E-4,4.8181E-5,5,2.6706748E-6,0.0022943013
2009,java,0.3286107,1.1092515,4.400118,180977,0.005827412,58.438076
2009,javascript,0.24436578,0.7670919,4.0789795,172806,0.0142320255,51.04669
2009,logos,2.5245703E-5,2.1106488E-4,2.7606928E-5,13,2.6706748E-6,0.002665882
2009,lua,0.0030547301,0.009122693,0.026090574,1497,5.928898E-4,0.38860887
2009,matlab,0.007977642,0.023299217,0.123223096,3766,4.006012E-5,1.5454
2009,max,0.0012875309,0.0045027174,0.045967918,2984,2.6706748E-6,0.5176084
2009,nemerle,6.311426E-5,1.5243574E-4,9.035428E-5,20,1.0682699E-5,0.00316587
2009,objective-c,0.07991527,0.20810997,0.949906,51601,0.0040514134,12.4198265
2009,objective-j,1.0098281E-4,1.8761323E-4,9.559911E-5,24,2.2967803E-4,0.0061387313
2009,ocaml,0.0014894966,0.004197846,0.004999047,713,2.2700737E-4,0.10913397
2009,parrot,3.7868555E-5,1.2898409E-4,1.17889685E-4,39,1.3353374E-5,0.0029809568
2009,pascal,7.573711E-4,0.0024506978,0.0025573836,170,5.3413496E-6,0.057707936
2009,perl,0.035444967,0.12299219,0.23022966,12675,0.008209654,3.9687645
2009,php,0.2613309,0.8172315,2.0867643,74227,0.0063348403,31.716614
2009,powershell,0.010009921,0.026699707,0.14234678,6201,1.3353374E-5,1.7906976
2009,processing,0.013683172,0.045015447,0.10592945,6068,5.3413496E-6,1.6463339
2009,prolog,0.001792445,0.0042447494,0.0074903457,475,1.6024049E-5,0.13543564
2009,python,0.17193587,0.5704732,2.1188385,131097,0.012132876,28.733805
2009,r,0.0068542087,0.022161813,0.12141868,8262,1.2819239E-4,1.505629
2009,racket,8.58354E-4,0.0020637454,0.0037133463,250,2.6706748E-6,0.066381164
2009,ruby,0.1574827,0.42093372,0.9849917,69246,0.038388282,16.017963
2009,scala,0.008558294,0.027919194,0.08840796,12149,7.3977694E-4,1.2562524
2009,scheme,0.0035217756,0.011678923,0.021609405,1940,2.2700737E-4,0.3703711
2009,scilab,3.7868555E-5,8.208079E-5,3.3662334E-5,0,2.6706748E-6,0.0015628234
2009,self,0.0014263822,0.0049131215,0.015500551,1041,1.0682699E-5,0.21850736
2009,shell,0.015576599,0.058851928,0.3158863,14146,0.002382242,3.9269707
2009,smalltalk,0.0010224511,0.004150943,0.0025360228,555,2.9377423E-5,0.077387944
2009,tcl,0.0012622853,0.0031425215,0.006998904,269,4.540147E-5,0.11449112
2009,tex,6.058969E-4,0.0019113097,0.010411173,443,2.4036073E-5,0.12952416
2009,turing,2.650799E-4,0.0010905019,8.5066527E-4,122,5.3413496E-6,0.022115884
2009,vala,7.573711E-5,2.1106488E-4,2.4064277E-4,50,1.8694724E-5,0.005461395
2009,verilog,3.4081697E-4,0.0012077601,0.0032134654,131,1.8694724E-5,0.047807373
2009,vhdl,3.5343986E-4,0.0011843084,0.0027747822,105,1.8694724E-5,0.043312255
2009,xml,0.08467409,0.21100625,0.7170388,26795,1.6024049E-5,10.127352
2009,xslt,0.016132005,0.038378634,0.13654909,4550,8.012024E-6,1.9106774
2010,actionscript,0.08794341,0.14987952,0.24132895,8846,0.002416961,4.8156886
2010,ada,0.0011613023,0.0026148593,0.0025860395,215,5.074282E-5,0.064129435
2010,applescript,0.004872421,0.008618482,0.016514618,714,1.6024049E-5,0.30021545
2010,arc,1.7671993E-4,4.1040394E-4,0.0012585946,69,3.2048098E-5,0.018777665
2010,arduino,0.0011739252,0.0032715057,0.00833293,367,4.2730797E-5,0.12821092
2010,asp,0.013544319,0.02517535,0.04686972,1365,4.2730797E-5,0.8563212
2010,assembly,0.020209186,0.04950644,0.08456698,5828,1.1750969E-4,1.5440011
2010,autohotkey,6.6901115E-4,0.0013250185,0.002815716,112,1.8694724E-5,0.048284404
2010,boo,3.0294844E-4,5.980171E-4,7.7747594E-4,62,6.142552E-5,0.017398668
2010,c#,0.9958421,2.36198,4.545657,249672,0.007178774,79.10658
2010,c++,0.45110285,1.2857486,1.9071782,140961,0.011828419,36.55858
2010,c,0.1968155,0.62638193,0.9829235,62461,0.01955201,18.25673
2010,clips,1.3885138E-4,1.9933905E-4,4.2580944E-4,24,2.6706748E-6,0.0076667056
2010,clojure,0.010678932,0.026453465,0.035699453,8175,0.0025665183,0.75398374
2010,coffeescript,3.0294844E-4,0.0013132927,0.0051878137,686,4.2730797E-4,0.07231363
2010,coldfusion,0.014352183,0.030405067,0.04607582,4837,3.8190652E-4,0.9121498
2010,coq,8.8359964E-5,1.2898409E-4,1.3064418E-4,63,2.1365398E-5,0.0036935364
2010,css,0.21037245,0.5215179,1.7662029,64807,5.795364E-4,24.986727
2010,d,0.0015904794,0.0038929745,0.0025409814,873,2.2433669E-4,0.082487725
2010,delphi,0.06348032,0.1506417,0.20201552,15376,1.3086306E-4,4.162684
2010,eiffel,8.8359964E-5,1.9933905E-4,1.1355078E-4,16,2.1365398E-5,0.004226152
2010,elixir,3.5343986E-4,5.0421053E-4,9.5191447E-4,70,2.6706748E-6,0.018122356
2010,erlang,0.008002888,0.016721029,0.01822162,2983,0.0033036247,0.46249163
2010,f#,0.013708417,0.032984752,0.024384307,5873,1.7359387E-4,0.71251065
2010,factor,1.6409707E-4,2.9314565E-4,4.3353363E-4,74,3.4718774E-5,0.009254951
2010,forth,1.6409707E-4,6.8009796E-4,4.7618375E-4,114,2.6706748E-6,0.013230494
2010,fortran,0.0030547301,0.0074459,0.013753494,736,1.6291116E-4,0.24417035
2010,go,0.0019439192,0.0048779435,0.011030732,1291,8.8399334E-4,0.18736587
2010,groovy,0.0113858115,0.021810036,0.046114035,2400,9.667843E-4,0.8027667
2010,haskell,0.017432159,0.046469454,0.050975427,12148,0.0020804557,1.169575
2010,haxe,4.29177E-4,8.208079E-4,7.530159E-4,65,2.109833E-4,0.02213984
2010,idl,6.3114264E-4,8.442595E-4,0.0010365234,74,2.6706748E-6,0.025145961
2010,io,0.024412595,0.064503774,0.21439192,8471,3.4718774E-5,3.03343
2010,java,0.74022925,1.8427722,5.5140486,238870,0.023363063,81.20413
2010,javascript,0.57601863,1.3281492,3.879497,167471,0.05350163,58.371662
2010,lasso,1.26228515E-5,1.1725827E-5,1.1872409E-5,3,2.6706748E-6,3.8891763E-4
2010,logos,1.26228515E-5,2.3451654E-5,2.0550235E-5,7,5.3413496E-6,6.1966083E-4
2010,lua,0.006210443,0.014176524,0.02585093,2074,0.001618429,0.47856328
2010,mathematica,0.0032693185,0.0075748838,0.008495019,1315,2.6706748E-6,0.19341893
2010,matlab,0.024311613,0.05029207,0.20351106,6458,1.6024048E-4,2.78275
2010,max,0.0022721132,0.0061208815,0.018297076,825,2.6706748E-6,0.26692742
2010,mirah,2.5245703E-5,7.035496E-5,8.5848485E-5,17,1.8694724E-5,0.0020014388
2010,objective-c,0.22880182,0.4269608,1.0365753,52380,0.011032558,17.033707
2010,objective-j,3.1557132E-4,5.745655E-4,6.716017E-4,84,3.7656515E-4,0.019383037
2010,ocaml,0.0025245706,0.0059801717,0.006817838,1360,5.555004E-4,0.15878081
2010,parrot,6.311426E-5,1.4070992E-4,6.525057E-5,35,8.012024E-6,0.0027708677
2010,pascal,0.0018050679,0.0045496207,0.0054221153,290,2.1365398E-5,0.117981695
2010,perl,0.0665603,0.16796073,0.25353676,16966,0.009804047,4.978618
2010,perl6,2.650799E-4,6.2146876E-4,3.249178E-4,162,2.6706748E-6,0.012141372
2010,php,0.6653757,1.6050898,2.9578133,120589,0.026623959,52.549023
2010,powershell,0.01681364,0.03169491,0.1445785,5872,5.074282E-5,1.9313779
2010,processing,0.032024175,0.07153927,0.1451038,9219,1.3353374E-5,2.486806
2010,prolog,0.005087009,0.0094392905,0.016090214,1059,4.540147E-5,0.30661917
2010,puppet,7.573711E-5,2.8141984E-4,9.445002E-4,50,1.6825252E-4,0.014699097
2010,python,0.36136702,0.8705371,2.089757,134004,0.035552025,33.57213
2010,r,0.029146167,0.06671996,0.23308307,15390,4.646974E-4,3.294139
2010,racket,0.0016031021,0.0030369891,0.0045134705,499,1.7092319E-4,0.09324484
2010,rebol,0.0012370396,0.002110649,7.0843473E-4,66,1.3353374E-5,0.040694766
2010,ruby,0.39273477,0.7673733,1.6198888,117099,0.07056724,28.50564
2010,rust,2.5245703E-5,7.035496E-5,1.7810999E-4,49,4.006012E-5,0.0031377075
2010,sas,0.0011613023,0.0023099878,0.0043836846,148,2.6706748E-6,0.07857646
2010,scala,0.03106484,0.07676899,0.13964252,20806,0.002366218,2.4984255
2010,scheme,0.0061220834,0.014833171,0.02254437,2419,4.860628E-4,0.43985683
2010,self,0.0030547301,0.0071293027,0.017197615,1311,5.3413496E-6,0.2738699
2010,shell,0.028616006,0.07958319,0.27210915,12214,0.007985317,3.8829365
2010,slash,3.1557132E-4,7.6217874E-4,0.0020568115,100,2.6706748E-6,0.03137232
2010,smalltalk,0.0011865482,0.003377038,0.0016485245,510,6.943755E-5,0.06281548
2010,supercollider,1.26228515E-5,2.3451654E-5,9.202309E-6,0,3.4718774E-5,7.999559E-4
2010,swift,2.5245703E-5,4.6903308E-5,9.595672E-5,2,2.6706748E-6,0.001707764
2010,tcl,0.002650799,0.00488967,0.0071691712,319,1.4421644E-4,0.14853856
2010,tex,0.0010350739,0.0020051165,0.00786714,380,6.676687E-5,0.10974096
2010,turing,8.4573106E-4,0.002239633,0.0026418257,490,2.6706748E-6,0.0572986
2010,unrealscript,8.8359964E-5,1.1725827E-4,1.774663E-4,4,2.6706748E-6,0.003857552
2010,vala,3.0294844E-4,6.8009796E-4,8.562439E-4,104,7.744957E-5,0.019167399
2010,verilog,8.7097683E-4,0.0019933905,0.005120322,168,1.14839015E-4,0.08099528
2010,vhdl,7.573711E-4,0.0018761323,0.003257093,179,5.8754846E-5,0.059493516
2010,xml,0.15462993,0.2890299,0.7095358,29877,8.012024E-6,11.532036
2010,xquery,0.0025245706,0.004526169,0.008714515,315,4.540147E-5,0.15810655
2010,xslt,0.027353719,0.052813124,0.10973227,4536,3.2048098E-5,1.8993117
2011,actionscript,0.1277054,0.19640759,0.26529872,7802,0.0052184984,5.9463024
2011,ada,0.0014137594,0.0033066832,0.0019219237,295,1.6024048E-4,0.068026066
2011,agda,1.26228515E-5,1.1725827E-5,1.6068281E-5,12,2.6706748E-6,4.308764E-4
2011,apex,0.0036480043,0.0052531706,0.015032616,323,1.04156316E-4,0.24037945
2011,applescript,0.008078625,0.011585116,0.018375557,884,4.540147E-5,0.38084698
2011,arc,4.5442267E-4,7.387271E-4,0.002337315,127,2.9377423E-5,0.03559842
2011,arduino,0.0035217756,0.0072700125,0.026284894,890,3.4985837E-4,0.37426537
2011,asp,0.016851507,0.026957676,0.04702883,1270,1.4688712E-4,0.90984905
2011,assembly,0.032163028,0.05960238,0.08956202,8264,7.0772885E-4,1.8203516
2011,autohotkey,0.001110811,0.001618164,0.002395485,107,1.8160588E-4,0.05306066
2011,autoit,0.0014642508,0.0022865362,0.004373886,138,5.3413496E-6,0.08130015
2011,awk,0.010275002,0.028317872,0.044040844,1597,8.012024E-6,0.82641727
2011,boo,2.2721133E-4,2.9314565E-4,2.6150292E-4,31,2.4036073E-5,0.00805896
2011,c#,1.5198671,3.108071,5.3634796,264591,0.023998683,100.15416
2011,c++,0.6734797,1.5597695,2.0107493,157637,0.041227207,42.852257
2011,c,0.29386,0.72890085,0.9477127,64411,0.057699926,20.281734
2011,clean,7.1950257E-4,0.0015595349,0.0052413587,671,2.6706748E-6,0.075230666
2011,clojure,0.015967907,0.033957995,0.034649365,8126,0.006460362,0.9103563
2011,coffeescript,0.009631236,0.019664211,0.050202865,4452,0.007595399,0.8709371
2011,coldfusion,0.02318818,0.042752367,0.036720574,2495,0.00106827,1.0372939
2011,coq,3.0294844E-4,4.1040394E-4,2.2362088E-4,102,6.4096195E-5,0.010010694
2011,css,0.44002,0.9515157,2.5464294,90388,0.0019495925,39.399143
2011,cuda,0.01363268,0.022243893,0.042657807,2330,2.6706748E-6,0.78537047
2011,d,0.0040393127,0.007961837,0.0052905884,2122,0.001191121,0.18482858
2011,dart,3.7868554E-4,9.3806616E-4,0.0021283797,401,4.006012E-5,0.034851912
2011,delphi,0.093547955,0.1816096,0.24860436,23893,4.3532E-4,5.241972
2011,dm,2.7770275E-4,3.0487147E-4,4.8819918E-4,27,2.6706748E-6,0.010734442
2011,dot,0.001716708,0.0030135375,0.0053744107,553,1.8694724E-5,0.101233505
2011,dylan,2.5245703E-5,5.8629135E-5,5.3783442E-5,12,1.2018037E-4,0.0025783863
2011,ecl,6.311426E-5,1.2898409E-4,1.4394699E-4,16,5.3413496E-6,0.0034138667
2011,eiffel,1.6409707E-4,3.4004898E-4,1.5393604E-4,29,7.744957E-5,0.0073553165
2011,elixir,2.9032558E-4,3.517748E-4,2.9659565E-4,16,1.8694724E-5,0.009573907
2011,erlang,0.011347944,0.020449843,0.01943201,3074,0.0067220884,0.57951885
2011,f#,0.0176215,0.034755353,0.019178303,5331,4.6736808E-4,0.7202252
2011,factor,5.301598E-4,8.9116284E-4,0.0021474995,128,8.813226E-5,0.036569543
2011,fantom,3.7868555E-5,5.8629135E-5,4.799028E-5,6,5.3413496E-6,0.0014982932
2011,flux,1.26228515E-5,1.1725827E-5,6.103086E-6,0,2.6706748E-6,3.312244E-4
2011,forth,1.5147422E-4,2.9314565E-4,2.169933E-4,33,2.6706748E-6,0.006642839
2011,fortran,0.0059832316,0.010553244,0.017396512,957,5.2345224E-4,0.34456435
2011,go,0.004670455,0.009239951,0.019028587,2053,0.0029778024,0.359168
2011,gosu,1.26228515E-5,3.517748E-5,3.7882044E-5,14,6.4096195E-5,0.0014977857
2011,groovy,0.022759002,0.036514223,0.058583785,3502,0.002801538,1.2065854
2011,haskell,0.040923286,0.086524874,0.072065525,23353,0.0063481936,2.0586185
2011,haxe,5.049141E-4,6.8009796E-4,6.49335E-4,80,3.925892E-4,0.02226936
2011,idl,8.2048535E-4,0.0010905019,0.0011790638,103,1.0682699E-5,0.031007338
2011,io,0.044079,0.0960697,0.24126792,9666,6.142552E-5,3.8147805
2011,java,1.3594812,2.8124864,6.3226533,253400,0.09943456,105.94056
2011,javascript,1.198666,2.4770808,5.366949,220288,0.21036638,92.530624
2011,krl,0.0010729424,0.001289841,2.2183287E-4,233,2.6706748E-6,0.02587287
2011,lasso,1.26228515E-5,2.3451654E-5,7.4858166E-5,4,5.3413496E-6,0.0011627402
2011,logos,5.0491406E-5,9.3806615E-5,1.1839032E-4,6,2.1365398E-5,0.0028405373
2011,lua,0.012433509,0.02320541,0.03681136,2890,0.0036935434,0.76143825
2011,matlab,0.054152034,0.08868243,0.2640097,8823,9.77467E-4,4.078216
2011,max,0.0045063584,0.009849694,0.024979787,994,5.3413496E-6,0.39341182
2011,mirah,1.0098281E-4,1.4070992E-4,1.4182522E-4,29,2.1365398E-5,0.0040488336
2011,nemerle,1.6409707E-4,2.9314565E-4,1.6237545E-4,37,5.3413496E-5,0.0067303167
2011,nesc,1.26228515E-5,2.3451654E-5,4.9563732E-5,-1,2.6706748E-6,8.8308915E-4
2011,objective-c++,0.0025371932,0.0036936353,0.0052031428,300,2.6706748E-6,0.11436642
2011,objective-c,0.5008621,0.874735,1.6283054,83971,0.04179873,30.457012
2011,objective-j,2.650799E-4,3.1659735E-4,1.6306684E-4,17,4.1128392E-4,0.01156028
2011,ocaml,0.0051879925,0.009451017,0.0065544043,1640,0.0012285104,0.22421923
2011,opa,9.2146813E-4,0.001149131,3.8735522E-4,148,4.8072146E-5,0.025060266
2011,parrot,3.7868555E-5,7.035496E-5,1.6878847E-4,20,4.540147E-5,0.0032241344
2011,pascal,0.0024614562,0.005135912,0.0056160074,348,8.5461594E-5,0.13298838
2011,perl,0.09005143,0.1927726,0.22388992,15257,0.019688215,5.264022
2011,perl6,2.3983419E-4,5.276622E-4,1.4425693E-4,94,2.6706748E-6,0.00914424
2011,php,1.2536385,2.5766919,3.6107347,131601,0.09822208,75.39287
2011,powershell,0.031127952,0.05701097,0.23051634,8432,3.0178626E-4,3.1895704
2011,processing,0.061839353,0.11157124,0.20309734,14491,9.3473616E-5,3.766014
2011,prolog,0.010855653,0.018304016,0.019901304,1566,3.0178626E-4,0.49362755
2011,puppet,6.9425686E-4,0.001289841,0.004388,285,0.0013540322,0.0772613
2011,python,0.57373387,1.1448746,2.1347616,142907,0.11189059,39.652603
2011,r,0.0747904,0.14045195,0.341399,28020,0.0017172438,5.583586
2011,racket,0.00278965,0.0045613465,0.0040508755,526,4.3799067E-4,0.11839863
2011,rebol,3.2819415E-4,5.276622E-4,1.2377821E-4,33,2.6706748E-5,0.0100634135
2011,ruby,0.8683512,1.4456772,2.5513146,180004,0.16971871,50.350616
2011,scala,0.059150685,0.11929856,0.14946195,27682,0.007782346,3.3569355
2011,scheme,0.009000094,0.016744481,0.021298172,2304,6.7835144E-4,0.47721103
2011,scilab,1.6409707E-4,2.1106488E-4,2.5518527E-4,11,1.8694724E-5,0.006490419
2011,self,0.005945363,0.010224922,0.019543655,1473,4.006012E-5,0.35754
2011,shell,0.04739881,0.107220955,0.27780306,11532,0.030416315,4.6283913
2011,smalltalk,0.0023226046,0.0052531706,0.0018645404,684,1.2285104E-4,0.09563167
2011,sql,0.8086325,1.6477602,3.3552,113784,5.3413496E-6,58.115982
2011,supercollider,7.573711E-5,1.6416158E-4,8.904307E-5,9,1.4688712E-4,0.0047582886
2011,swift,3.7868555E-5,5.8629135E-5,8.708818E-5,8,5.3413496E-6,0.0018892722
2011,tcl,0.0043170154,0.007809401,0.012069949,514,3.8190652E-4,0.2457827
2011,tex,5.554055E-4,8.6771115E-4,0.0013312594,121,1.6558185E-4,0.02919958
2011,turing,6.4376544E-4,0.0012546636,0.0012595481,171,2.4036073E-5,0.03182013
2011,unrealscript,1.0098281E-4,1.1725827E-4,2.1077103E-4,7,2.6706748E-6,0.004316828
2011,vala,8.078625E-4,9.49792E-4,8.663044E-4,107,2.4570207E-4,0.02869661
2011,verilog,0.0019060506,0.0035411997,0.0077568316,277,3.311637E-4,0.13535245
2011,vhdl,0.0023478505,0.004197846,0.009359654,314,2.109833E-4,0.16116334
2011,xbase,1.26228515E-5,2.3451654E-5,1.4065705E-6,1,2.6706748E-6,4.0151746E-4
2011,xml,0.2567362,0.41561022,0.76598465,31186,8.012024E-5,14.384112
2011,xquery,0.0045694727,0.0072113834,0.010054309,559,1.388751E-4,0.2197404
2011,xslt,0.04530341,0.075666755,0.109843746,5333,8.012024E-5,2.3089404
2012,actionscript,0.114148445,0.14844897,0.15926452,5209,0.017639806,4.3950176
2012,ada,0.0021585077,0.0039398777,0.0020849905,326,3.1513962E-4,0.08498516
2012,agda,3.9130842E-4,6.0974294E-4,5.6885055E-4,362,8.012024E-6,0.01577914
2012,antlr,0.0066901115,0.0076217875,0.0057017608,770,2.6706748E-6,0.2001633
2012,apex,0.009303042,0.012241763,0.02732926,594,0.0011056594,0.49979722
2012,applescript,0.0098079555,0.012804603,0.016240623,714,2.8309153E-4,0.39136276
2012,arc,2.7770275E-4,3.1659735E-4,6.3882145E-4,41,5.8754846E-5,0.012918765
2012,arduino,0.010426475,0.016545141,0.03637904,1234,0.005875485,0.6922614
2012,asp,0.02217835,0.03034644,0.045069166,1170,0.0016691717,0.99263126
2012,assembly,0.046351112,0.06763457,0.08117893,7035,0.004214325,1.9937896
2012,augeas,6.311426E-5,9.3806615E-5,1.1665E-4,8,8.2790924E-5,0.0035636178
2012,autohotkey,0.0027139133,0.0036350063,0.0038889053,255,0.0010121857,0.11250011
2012,autoit,0.0015399879,0.0019464872,0.0037517052,98,5.3413496E-6,0.072435215
2012,awk,0.021723928,0.055756304,0.05741199,2556,1.3353374E-5,1.3490558
2012,boo,1.3885138E-4,1.9933905E-4,2.991704E-4,21,9.3473616E-5,0.0073083444
2012,c#,1.8781542,3.259311,4.226878,211551,0.10997572,94.743195
2012,c++,0.8845085,1.6187621,1.6169856,142496,0.17234132,42.92598
2012,c,0.40492848,0.83655566,0.7893486,57966,0.21635938,22.471922
2012,ceylon,3.7868555E-5,4.6903308E-5,3.182664E-5,6,3.2048098E-5,0.0014864659
2012,clean,8.331082E-4,0.0012781152,0.0011104994,70,2.6706748E-6,0.032243934
2012,clojure,0.024160137,0.0425882,0.026852982,7969,0.022593908,1.1619523
2012,coffeescript,0.02205212,0.033090282,0.047679596,3848,0.037731294,1.405533
2012,coldfusion,0.03081238,0.05002238,0.034649316,3257,0.0027401121,1.1822419
2012,coq,0.0010224511,0.0012546636,4.569924E-4,187,3.6588244E-4,0.030999893
2012,css,0.680094,1.2921861,2.1950045,77926,0.007614094,41.748985
2012,cuda,0.024841772,0.03133141,0.046993546,3364,2.6706748E-6,1.0316939
2012,d,0.004064558,0.0065312856,0.0031311214,1161,0.0041368753,0.1786384
2012,dart,0.006828963,0.010905018,0.009054619,1909,0.0023715592,0.2916016
2012,delphi,0.101487726,0.14697152,0.19489466,22258,0.0020056767,4.4535956
2012,dm,3.5343986E-4,4.2212976E-4,7.3935546E-4,69,1.0682699E-5,0.015256078
2012,dot,0.0020701478,0.002896279,0.0043277554,428,5.8754846E-5,0.09352937
2012,dylan,3.7868555E-5,1.2898409E-4,4.8657806E-5,21,1.2552172E-4,0.0034103217
2012,ecl,1.5147422E-4,2.4624236E-4,1.0890194E-4,15,1.0682699E-5,0.005173012
2012,eiffel,1.0098281E-4,1.6416158E-4,3.8382685E-5,16,2.4837276E-4,0.0055189985
2012,elixir,2.3983419E-4,2.5796817E-4,1.7186385E-4,24,5.528297E-4,0.012224959
2012,elm,1.26228515E-5,2.3451654E-5,1.2706815E-5,5,2.6706748E-6,5.145199E-4
2012,erlang,0.012622852,0.01885513,0.012292307,1957,0.018494423,0.6226471
2012,f#,0.0167379,0.028235791,0.012749251,4283,0.0018000348,0.5952298
2012,factor,7.8261684E-4,0.0010787761,0.00192159,125,8.813226E-5,0.038711153
2012,forth,1.2622852E-4,1.9933905E-4,1.2716351E-4,37,2.6706748E-6,0.0045540174
2012,fortran,0.009972053,0.014563477,0.020098012,1343,0.0017279265,0.4636147
2012,gnuplot,0.006563883,0.008337063,0.025671294,909,2.6706748E-6,0.4057491
2012,go,0.012092692,0.022021102,0.036238454,4962,0.020526806,0.9087905
2012,gosu,1.26228515E-5,1.1725827E-5,2.145616E-6,1,2.1899534E-4,0.0024548965
2012,groovy,0.024980623,0.035271287,0.04586915,3125,0.01254416,1.1866523
2012,haskell,0.05511137,0.097218834,0.054362785,22771,0.019819077,2.2651207
2012,haxe,0.0015652337,0.002110649,0.0014272877,147,0.0022700736,0.07373244
2012,idl,0.0011234338,0.0013367443,0.0014859583,129,1.3353374E-5,0.039594896
2012,io,0.060943127,0.11164159,0.14529379,6799,1.5489914E-4,3.180334
2012,j,0.0012244167,0.0014540026,0.0026105472,151,2.6706748E-6,0.05291637
2012,java,1.984893,3.5362983,5.1970434,237185,0.47412223,111.92357
2012,javascript,1.8146485,3.2080808,4.621581,203997,1.0520082,106.96318
2012,julia,1.0098281E-4,2.6969402E-4,5.192629E-4,156,0.0011110008,0.020009406
2012,kotlin,1.5147422E-4,2.2279071E-4,1.7791927E-4,45,2.1632467E-4,0.0076850886
2012,lasso,6.311426E-5,5.8629135E-5,5.881372E-5,4,1.3353374E-5,0.0019391049
2012,livescript,3.7868555E-5,5.8629135E-5,6.2079824E-5,14,1.8694724E-5,0.0017727225
2012,logos,7.573711E-5,8.208079E-5,8.570544E-5,-3,1.3086306E-4,0.0037438641
2012,logtalk,1.26228515E-5,1.1725827E-5,3.3137849E-6,1,8.012024E-6,3.5674486E-4
2012,lua,0.017230192,0.024940833,0.032205604,2150,0.015524633,0.8990126
2012,m,1.7671993E-4,1.6416158E-4,1.841177E-4,15,2.6706748E-6,0.005276699
2012,mathematica,0.0072581396,0.011045729,0.0073964633,1447,2.6706748E-6,0.25703
2012,matlab,0.10179068,0.14688943,0.26865855,12006,0.0046790224,5.2201767
2012,max,0.007813546,0.0149269765,0.020758072,872,4.2730797E-5,0.43541324
2012,mercury,1.7671993E-4,2.6969402E-4,2.297478E-4,62,2.6706748E-6,0.006788324
2012,mirah,3.7868555E-5,5.8629135E-5,2.1170079E-5,4,6.142552E-5,0.0017909331
2012,nemerle,6.311426E-5,1.5243574E-4,3.294713E-5,10,2.1899534E-4,0.0046749245
2012,nesc,7.573711E-5,9.3806615E-5,9.669577E-5,-1,5.3413496E-6,0.0027158083
2012,netlogo,4.29177E-4,4.924847E-4,3.1600156E-4,29,5.3413496E-6,0.012430047
2012,objective-c++,0.0019817878,0.00297836,0.0029642403,271,2.6706748E-6,0.079270594
2012,objective-c,0.6054046,0.95710886,1.1664915,65352,0.20194575,29.309505
2012,objective-j,1.2622852E-4,1.2898409E-4,3.8430368E-5,5,6.7033933E-4,0.009639823
2012,ocaml,0.0067153573,0.011456133,0.00723969,2081,0.0034344876,0.28845668
2012,opa,9.2146813E-4,0.0010553245,3.592E-4,81,1.5489914E-4,0.024908919
2012,oxygene,3.2819415E-4,4.1040394E-4,2.678921E-4,24,2.6706748E-6,0.010091607
2012,parrot,3.7868555E-5,5.8629135E-5,8.7016655E-5,7,5.3413496E-5,0.0023692786
2012,pascal,0.003004239,0.004760686,0.0046676686,421,1.0682699E-4,0.12539421
2012,perl,0.10344427,0.19850652,0.16565382,12901,0.05627379,5.238784
2012,perl6,1.0098281E-4,1.4070992E-4,4.925381E-5,38,2.6706748E-6,0.0029361723
2012,php,1.7378007,3.066339,3.1539187,109207,0.4135807,83.71639
2012,pogoscript,1.26228515E-5,1.1725827E-5,2.5508994E-6,2,8.012024E-6,3.4911602E-4
2012,powershell,0.05917593,0.090828255,0.23551926,8187,0.0027721606,3.882956
2012,processing,0.07891807,0.117352076,0.16964099,12272,1.8694723E-4,3.6609807
2012,prolog,0.015248405,0.024014493,0.0151116215,1646,0.0014688713,0.5584339
2012,puppet,0.0024362104,0.0034239413,0.008922879,458,0.0133373495,0.2812038
2012,python,0.9220488,1.5845696,1.935538,139440,0.41810483,48.602615
2012,r,0.1564855,0.23091671,0.34030977,32399,0.008888006,7.3659997
2012,racket,0.0042412784,0.0072113834,0.004423688,845,0.0018133882,0.17689736
2012,rebol,1.6409707E-4,2.6969402E-4,4.7060512E-5,19,1.6558185E-4,0.006464334
2012,ruby,1.0820183,1.5416765,1.7200886,125442,0.61654663,49.603302
2012,rust,3.4081697E-4,6.0974294E-4,0.0010653222,124,0.0017305973,0.037464794
2012,scala,0.07521958,0.124270305,0.12338799,23855,0.032742474,3.5562036
2012,scheme,0.012496624,0.021329278,0.015862707,2257,0.0024276434,0.52116257
2012,scilab,3.2819415E-4,4.3385557E-4,6.52005E-4,22,2.1632467E-4,0.016303794
2012,self,0.00681634,0.010799487,0.011887214,937,2.9377423E-5,0.29532418
2012,shell,0.08034445,0.15181427,0.26711088,10790,0.116048835,6.153184
2012,slash,0.0010981881,0.0018057773,0.0024347736,109,1.3353374E-5,0.053520918
2012,smalltalk,0.0019944105,0.0035763772,0.0010303487,472,6.543153E-4,0.072554514
2012,sql,1.0673758,1.9258146,2.8696692,97497,8.012024E-6,58.628677
2012,squirrel,3.4081697E-4,4.1040394E-4,0.0017790495,35,5.3413496E-6,0.025356118
2012,supercollider,7.573711E-5,1.1725827E-4,1.5143282E-4,13,1.8961792E-4,0.0053404607
2012,swift,1.1360567E-4,1.6416158E-4,0.0011019646,36,2.6706748E-6,0.013824025
2012,tcl,0.007737808,0.011526488,0.012278335,702,0.0010602579,0.32602888
2012,tex,5.554055E-4,7.270013E-4,0.0010246509,110,4.4066136E-4,0.02747719
2012,turing,5.301598E-4,5.980171E-4,7.981453E-4,80,9.080294E-5,0.020171253
2012,typescript,0.0063492944,0.012030698,0.022917897,2460,1.5756981E-4,0.4145546
2012,unrealscript,1.8934277E-4,2.4624236E-4,5.1141955E-4,5,8.012024E-6,0.009550167
2012,vala,0.0012370396,0.0013836476,0.0013708818,196,7.9319044E-4,0.04784759
2012,vcl,0.0032819414,0.0045027174,0.007399157,634,2.6706748E-6,0.15186487
2012,verilog,0.0036606272,0.006414027,0.011063989,429,0.0010121857,0.2215083
2012,vhdl,0.0036353813,0.005909817,0.0110752415,422,8.332505E-4,0.2145369
2012,xml,0.3293428,0.46571466,0.59867525,25478,1.8427656E-4,13.939171
2012,xquery,0.008331082,0.012230038,0.0123649,688,3.3917572E-4,0.33265197
2012,xslt,0.06165001,0.091789775,0.09021937,5033,1.5756981E-4,2.4381673
2012,xtend,4.5442267E-4,5.5111386E-4,4.3472566E-4,40,2.6706748E-6,0.014429329
2013,abap,0.0025371932,0.0037405386,0.0038076104,232,6.142552E-5,0.10146768
2013,actionscript,0.11076553,0.12089328,0.066944346,2730,0.02987684,3.2848
2013,ada,0.0024109646,0.003998507,0.0012517762,231,6.089139E-4,0.08270161
2013,agda,3.9130842E-4,5.1593635E-4,2.461737E-4,150,4.2730797E-5,0.011961493
2013,antlr,0.00655126,0.0065899147,0.003371216,455,3.4718774E-5,0.1654711
2013,apex,0.008735013,0.008911628,0.010568423,297,0.002750795,0.3096586
2013,apl,3.2819415E-4,5.3938804E-4,7.626473E-5,40,2.6706748E-6,0.009465176
2013,applescript,0.012875309,0.015806414,0.010286728,588,0.0012204984,0.4018895
2013,arc,1.5147422E-4,1.6416158E-4,1.0768609E-4,13,3.2582233E-4,0.0074914424
2013,arduino,0.021736551,0.027157016,0.035860468,1209,0.01880422,1.0355825
2013,asp,0.022708511,0.026664529,0.02398465,611,0.005205145,0.7856283
2013,aspectj,0.005503563,0.00553459,0.00505686,372,2.6706748E-6,0.16097683
2013,assembly,0.06196558,0.07832852,0.053669605,4911,0.008834592,2.027983
2013,augeas,1.6409707E-4,2.1106488E-4,1.3226531E-4,9,1.4688712E-4,0.006543144
2013,autohotkey,0.007157157,0.008079095,0.0050395755,181,0.0020804557,0.22356284
2013,autoit,0.0031178445,0.0035763772,0.004252611,129,8.5461594E-5,0.110322945
2013,awk,0.038827892,0.08957359,0.0426358,2438,4.646974E-4,1.7150198
2013,boo,1.2622852E-4,1.758874E-4,3.2899447E-5,15,1.0148564E-4,0.00436501
2013,brightscript,1.6409707E-4,1.2898409E-4,8.232014E-5,5,4.006012E-5,0.004154614
2013,c#,2.2591875,3.3273675,2.5603082,151169,0.26511255,84.11976
2013,c++,1.1451956,1.8105615,0.9884666,102075,0.4422344,43.864586
2013,c,0.53716546,0.9775353,0.4701656,42983,0.55556977,25.404362
2013,ceylon,1.6409707E-4,2.1106488E-4,5.0135895E-5,8,2.109833E-4,0.0063628107
2013,clean,0.0010981881,0.0013132927,8.8280183E-4,50,2.6706748E-6,0.03296953
2013,clips,6.058969E-4,5.862913E-4,2.0509705E-4,22,6.676687E-5,0.01464052
2013,clojure,0.029045183,0.044124287,0.016347544,5392,0.042469073,1.3198608
2013,cobol,0.0016788393,0.0027555693,0.0017553046,102,4.006012E-5,0.06229773
2013,coffeescript,0.028439285,0.03461464,0.026321298,2657,0.08628683,1.7566205
2013,coldfusion,0.0340817,0.043467637,0.022876415,3100,0.0031300308,1.0355579
2013,coq,0.0014011365,0.0014540026,3.7793838E-4,148,6.8369275E-4,0.039167702
2013,crystal,0.028300434,0.027848838,0.04166853,587,5.3413496E-6,0.9782315
2013,css,1.027639,1.7510998,1.5727193,59145,0.3467444,46.982033
2013,cuda,0.031355165,0.0319177,0.024688246,1578,8.012024E-6,0.8796912
2013,d,0.004165541,0.006144333,0.001900253,810,0.008500758,0.20710886
2013,dart,0.028527644,0.036056917,0.015988035,4398,0.0094835665,0.9005617
2013,delphi,0.11027323,0.13266599,0.114811346,12544,0.003960611,3.6171117
2013,dm,2.9032558E-4,2.4624236E-4,2.9697712E-4,17,2.3769005E-4,0.010712352
2013,dot,0.0024235875,0.0028141984,0.0017382113,248,0.0013673855,0.08343383
2013,dylan,3.7868555E-5,3.517748E-5,5.5547616E-6,2,1.7092319E-4,0.00249524
2013,ecl,5.0491406E-5,2.3451654E-5,1.2611455E-5,4,6.4096195E-5,0.0015065072
2013,eiffel,6.311426E-5,5.8629135E-5,1.3994185E-5,4,3.9793056E-4,0.0053366814
2013,elixir,6.9425686E-4,9.3806616E-4,3.7455306E-4,114,0.0042490438,0.0625592
2013,elm,2.0196562E-4,1.8761323E-4,2.7339917E-4,46,1.3353374E-4,0.007965118
2013,erlang,0.013455961,0.018022595,0.006149789,1127,0.035781704,0.73410046
2013,f#,0.019161489,0.028306147,0.008847711,3890,0.0047698254,0.6108517
2013,factor,0.0013380223,0.001688519,0.0011412055,102,1.1750969E-4,0.042852566
2013,fantom,1.0098281E-4,1.1725827E-4,5.0708062E-5,13,4.006012E-5,0.0030900924
2013,forth,3.9130842E-4,4.924847E-4,1.3820152E-4,62,5.074282E-5,0.010727374
2013,fortran,0.014718245,0.018386096,0.01098379,1254,0.0041342047,0.48222336
2013,gap,5.0491406E-5,4.6903308E-5,4.9825976E-6,0,1.6024049E-5,0.0011840137
2013,glyph,5.049141E-4,5.0421053E-4,6.073762E-4,49,2.4036073E-5,0.016405368
2013,gnuplot,0.009530253,0.009568274,0.013571236,805,5.3413496E-6,0.32675105
2013,go,0.027139131,0.04214262,0.032271687,5213,0.09089108,1.9244452
2013,gosu,1.26228515E-5,1.1725827E-5,2.2171366E-6,0,8.2523853E-4,0.008518043
2013,groovy,0.028527644,0.034298044,0.025314815,1949,0.023843786,1.1198429
2013,haskell,0.062117055,0.09847349,0.03393518,18096,0.03467337,2.2919908
2013,haxe,0.0022089991,0.002650037,0.0021626619,195,0.006860964,0.13882661
2013,idl,0.0014011365,0.00148918,5.500406E-4,54,1.388751E-4,0.035792325
2013,idris,8.8359964E-5,1.4070992E-4,6.589426E-5,56,3.2048098E-5,0.0032701222
2013,io,0.07999101,0.12587675,0.09554342,4747,3.2315165E-4,3.0173433
2013,j,0.0015778565,0.0019230356,0.0012547802,141,1.6024049E-5,0.04771696
2013,java,2.6505086,4.161109,3.3128672,155113,1.2754154,113.99901
2013,javascript,2.6336951,3.9433136,3.2165601,153857,2.5203319,123.139
2013,jsoniq,1.26228515E-5,2.3451654E-5,3.337625E-6,1,2.6706748E-6,4.20828E-4
2013,julia,0.0010603196,0.0015360833,0.0012831499,233,0.0051063304,0.08985884
2013,kotlin,2.0196562E-4,2.3451654E-4,8.95914E-5,22,4.1929595E-4,0.009453695
2013,labview,0.0014516279,0.0021810038,0.0012697041,72,2.6706748E-6,0.049050063
2013,lasso,2.650799E-4,4.3385557E-4,1.5252946E-4,15,0.0018187296,0.026701946
2013,livescript,1.7671993E-4,2.4624236E-4,8.18195E-5,11,0.0012819238,0.017867055
2013,logos,1.5147422E-4,1.758874E-4,9.967579E-5,13,0.0058567896,0.06283827
2013,lua,0.030206483,0.040723797,0.021276694,3589,0.038123883,1.3033086
2013,m,6.9425686E-4,7.973562E-4,7.196873E-4,34,6.409619E-4,0.02852262
2013,mathematica,0.005541432,0.005745655,0.0024479334,361,1.0682699E-5,0.13745703
2013,matlab,0.16795966,0.21254234,0.17476699,11190,0.018101834,5.7337084
2013,max,0.0116887605,0.020156696,0.018692154,612,1.6291116E-4,0.5070052
2013,mercury,2.650799E-4,3.2832316E-4,4.180137E-4,24,8.012024E-6,0.010194289
2013,mirah,1.26228515E-5,3.517748E-5,3.98131E-6,1,4.2730797E-5,9.451243E-4
2013,monkey,3.7868554E-4,3.0487147E-4,2.52539E-4,10,1.12168345E-4,0.010482643
2013,moonscript,1.26228515E-5,2.3451654E-5,1.2396893E-6,1,1.14839015E-4,0.0015215321
2013,nemerle,1.1360567E-4,1.8761323E-4,3.1159114E-5,12,5.7419506E-4,0.0090657305
2013,nesc,2.9032558E-4,3.0487147E-4,1.11762754E-4,16,9.3473616E-5,0.008004335
2013,netlogo,0.001615725,0.0017002448,5.101322E-4,121,2.9377423E-5,0.038554795
2013,nimrod,8.8359964E-5,1.1725827E-4,4.648835E-5,31,4.460027E-4,0.0069810925
2013,objective-c++,0.0016662164,0.0019933905,0.0013925286,132,1.3353374E-5,0.05065489
2013,objective-c,0.63028425,0.9198442,0.7078656,44850,0.44641668,27.044107
2013,objective-j,1.0098281E-4,1.1725827E-4,1.8857581E-5,5,7.5847167E-4,0.009955703
2013,ocaml,0.009643858,0.013848201,0.004282793,1533,0.0075847167,0.35359567
2013,opa,2.145885E-4,1.9933905E-4,1.07161606E-4,15,6.142552E-5,0.005825146
2013,openscad,1.0098281E-4,1.5243574E-4,6.0959337E-5,7,8.012024E-6,0.003223899
2013,oxygene,2.9032558E-4,3.6350064E-4,8.1962535E-5,13,3.1246894E-4,0.010482577
2013,parrot,1.26228515E-5,0.0,2.0740956E-6,0,8.2790924E-5,9.748787E-4
2013,pascal,0.0041276724,0.0055697677,0.0033993472,296,0.0019362393,0.15033026
2013,pawn,1.5147422E-4,2.2279071E-4,5.731179E-5,5,8.012024E-6,0.0043958873
2013,perl,0.13405469,0.22058626,0.094980866,9300,0.0909792,5.40601
2013,perl6,7.573711E-5,7.035496E-5,2.5914276E-5,12,1.3353374E-5,0.0018535972
2013,php,2.2683012,3.4371562,2.1324615,59075,0.89550936,87.33429
2013,pike,3.7868555E-5,3.517748E-5,5.2686796E-6,1,3.2048098E-5,0.0011036281
2013,powershell,0.090038806,0.118419126,0.17721146,6268,0.0076007405,3.9327016
2013,processing,0.103393786,0.124411024,0.10266945,7916,0.00945686,3.3993113
2013,prolog,0.02036066,0.028095081,0.008272042,1440,0.004398601,0.6112638
2013,puppet,0.0057560205,0.006789254,0.008993946,544,0.036900714,0.58439934
2013,python,1.5038234,2.188649,1.3687234,119063,0.93756175,59.98757
2013,r,0.29004788,0.38115972,0.25292858,31808,0.028274434,9.524106
2013,racket,0.0069047,0.010658776,0.0029116487,752,0.004705729,0.25180855
2013,realbasic,2.145885E-4,3.8695228E-4,1.1569639E-4,27,5.3413496E-6,0.0072257854
2013,rebol,0.0016031021,0.0026617625,3.8725988E-4,382,1.4955779E-4,0.048016824
2013,ruby,1.2481097,1.6197705,1.0615034,81971,1.1985534,51.279373
2013,rust,0.0018681821,0.0024741495,0.0023593912,574,0.0059582754,0.12659998
2013,sas,0.013784153,0.020015987,0.013870312,829,2.6706748E-6,0.47673124
2013,scala,0.11980349,0.16650674,0.09642032,19893,0.07178507,4.545156
2013,scheme,0.017066097,0.026113415,0.010834002,1625,0.0071307016,0.61144215
2013,scilab,8.58354E-4,8.79437E-4,6.797074E-4,22,4.3799067E-4,0.02855489
2013,self,0.007737808,0.009837969,0.007914892,712,3.4718774E-5,0.2552539
2013,shell,0.11770809,0.19360512,0.16542234,7215,0.28337997,7.6011553
2013,slash,0.0013380223,0.001899584,0.0014184192,85,1.4688712E-4,0.048029125
2013,smalltalk,0.0036480043,0.0057573807,9.766129E-4,779,5.822071E-4,0.10964204
2013,sql,1.5215964,2.421524,1.9773357,73745,5.3413496E-5,59.205093
2013,squirrel,4.29177E-4,3.8695228E-4,2.998856E-4,20,1.8427656E-4,0.013002915
2013,stata,0.0051753693,0.0066016405,0.005035999,415,1.0682699E-5,0.16823693
2013,supercollider,2.7770275E-4,3.517748E-4,9.071188E-5,16,7.6381303E-4,0.0148400245
2013,swift,6.185198E-4,7.387271E-4,3.5474187E-4,33,1.3353374E-5,0.017253423
2013,tcl,0.0120674465,0.016263722,0.008214086,653,0.0017279265,0.38273183
2013,tex,5.932741E-4,6.331947E-4,5.189292E-4,70,0.00474846,0.06493858
2013,turing,5.680283E-4,5.276622E-4,2.2733994E-4,43,4.006012E-5,0.013630906
2013,typescript,0.014554149,0.020555373,0.017261196,1818,0.018376913,0.70747626
2013,unrealscript,2.145885E-4,1.8761323E-4,7.457208E-5,3,3.7389447E-5,0.005141632
2013,vala,0.0013380223,0.0014657284,5.5480865E-4,113,0.0018614603,0.0522002
2013,verilog,0.008861242,0.012757699,0.012593098,417,0.0032742473,0.37486285
2013,vhdl,0.0083058365,0.012910135,0.0134225935,402,0.0025798718,0.37218437
2013,volt,1.7671993E-4,1.9933905E-4,2.3105902E-4,12,1.0682699E-5,0.006178007
2013,xbase,1.5147422E-4,1.2898409E-4,6.88266E-5,4,2.9377423E-5,0.0037866235
2013,xc,2.5245703E-5,2.3451654E-5,8.940067E-6,0,2.0297128E-4,0.0026060871
2013,xml,0.3910812,0.4795042,0.3806154,16870,0.0050395634,12.562405
2013,xojo,2.3983419E-4,3.7522646E-4,1.3772472E-4,25,5.3413496E-6,0.007581268
2013,xproc,8.8359964E-5,1.0553244E-4,2.6701E-5,6,3.2048098E-5,0.002526415
2013,xquery,0.006803717,0.008923354,0.003885663,361,5.7686574E-4,0.20189598
2013,xslt,0.07601482,0.09577655,0.05517371,3611,0.006300122,2.332652
2013,xtend,6.8163394E-4,8.325337E-4,2.7566397E-4,30,2.8843287E-4,0.020782646
2014,actionscript,0.068706185,0.06294423,0.009248082,551,0.014384255,1.5528275
2014,ada,0.0020575249,0.0027321177,3.472322E-4,101,6.5965665E-4,0.057965312
2014,alloy,0.0051248777,0.004479266,0.0012392363,127,5.074282E-5,0.10894123
2014,apex,0.008684522,0.006554737,0.002639227,141,0.0027294296,0.20607916
2014,applescript,0.010931389,0.011045729,0.0019962098,375,0.0019122032,0.2588553
2014,arc,2.145885E-4,9.3806615E-5,1.847614E-5,2,2.2433669E-4,0.005512079
2014,arduino,0.02341539,0.019828374,0.007413175,421,0.024062779,0.7471972
2014,asp,0.01478136,0.014903525,0.0034612603,208,0.006273415,0.3941956
2014,aspectj,0.0044684894,0.0039398777,7.9783547E-4,165,1.6825252E-4,0.09374455
2014,assembly,0.044760633,0.047466144,0.010964074,2685,0.009547662,1.127385
2014,awk,0.033248592,0.07364992,0.005474587,1160,5.1811093E-4,1.1289122
2014,bro,6.311426E-5,3.517748E-5,1.1753208E-5,5,1.1750969E-4,0.0022755465
2014,c#,1.7578835,2.0723758,0.3968265,57420,0.27415547,45.012417
2014,c++,0.86086583,1.14036,0.18792224,47199,0.409556,25.987041
2014,c,0.39995506,0.62815255,0.08133859,15483,0.4253851,15.348314
2014,clean,6.8163394E-4,7.504529E-4,7.783819E-5,10,6.4096195E-5,0.015740212
2014,clips,5.554055E-4,5.3938804E-4,4.8777005E-5,6,1.4688712E-4,0.012904577
2014,clojure,0.02080246,0.027755033,0.004170625,2449,0.040105525,0.92833644
2014,cobol,0.0015778565,0.0022044554,3.9229012E-4,65,2.0030062E-4,0.043749027
2014,coffeescript,0.020373281,0.01885513,0.0041009635,646,0.0855337,1.2886307
2014,coldfusion,0.02373096,0.024202107,0.0045195734,1925,0.0024383261,0.54890966
2014,crystal,0.023655225,0.016638948,0.0063815154,163,1.1750969E-4,0.46793196
2014,css,0.91919607,1.3462187,0.20215881,20236,0.7705431,32.38117
2014,cuda,0.01686413,0.015384285,0.003502623,274,0.00106827,0.3681931
2014,cycript,3.7868555E-5,1.1725827E-5,4.529634E-6,2,5.3413496E-6,5.9465365E-4
2014,d,0.003988821,0.005112461,6.335051E-4,749,0.008583549,0.18318337
2014,dart,0.03863855,0.043127593,0.008580962,4231,0.010108504,1.0045562
2014,delphi,0.072758116,0.074494176,0.024052167,4452,2.0297128E-4,1.7150743
2014,dm,1.8934277E-4,1.6416158E-4,3.7929723E-5,1,0.0019362393,0.023276733
2014,dot,0.0023226046,0.002298262,3.5040296E-4,142,6.3027925E-4,0.05601549
2014,e,0.0072960085,0.005546316,0.0013329282,73,5.3413496E-6,0.14180595
2014,elixir,0.0020575249,0.0024506978,3.0505893E-4,144,0.0058140587,0.106273405
2014,erlang,0.010375985,0.012816329,0.0017627429,521,0.017399447,0.423545
2014,f#,0.01686413,0.021821763,0.0033198402,2447,0.005440165,0.474459
2014,factor,0.0012496624,0.0013836476,3.611549E-4,89,9.881497E-5,0.030932797
2014,flux,5.1753694E-4,6.0974294E-4,2.3628002E-4,57,1.0148564E-4,0.014650455
2014,fortran,0.012887931,0.013719217,0.002232585,550,0.004737777,0.33577508
2014,go,0.035116777,0.045226514,0.0096727945,3379,0.116209075,2.0622516
2014,groovy,0.029221902,0.029678067,0.005854504,1212,0.027481243,0.92235714
2014,haskell,0.053823844,0.07590128,0.013332978,12212,0.03672178,1.7977989
2014,idl,0.0013001538,0.0010084211,1.2499405E-4,34,0.0031433841,0.055769533
2014,io,0.05807774,0.0755026,0.010269085,1620,4.3799067E-4,1.4428742
2014,j,0.001110811,7.973562E-4,1.88695E-4,65,9.881497E-5,0.021956772
2014,java,2.3221376,2.8772717,0.53858197,58024,1.197381,69.35372
2014,javascript,2.4594617,3.0340226,0.5550306,54145,1.9506421,79.99158
2014,julia,0.004960781,0.0054407837,0.0013444668,642,0.006863634,0.18609665
2014,lua,0.025952585,0.028646195,0.004219092,2030,0.03838561,0.9720348
2014,m,9.2146813E-4,7.035496E-4,1.7594051E-4,14,0.001297948,0.030989062
2014,mathematica,0.00349653,0.0028611016,4.174892E-4,107,5.928898E-4,0.0736801
2014,matlab,0.15692729,0.1619454,0.02662395,5503,0.023453867,3.689505
2014,max,0.008166986,0.013496427,0.0015780767,141,9.480896E-4,0.2418958
2014,mercury,2.3983419E-4,1.2898409E-4,4.4628814E-5,11,2.8843287E-4,0.0070188
2014,monkey,3.2819415E-4,1.0553244E-4,3.5116584E-5,6,2.3501938E-4,0.007038626
2014,nimrod,1.1360567E-4,1.5243574E-4,6.303343E-5,28,6.9971674E-4,0.010287915
2014,objective-c,0.51162946,0.60165215,0.12632018,12498,0.3335673,15.731691
2014,ocaml,0.006828963,0.008677112,0.0010347115,590,0.0063802423,0.22921029
2014,pascal,0.0030294843,0.0034239413,5.226721E-4,24,0.005250547,0.12226645
2014,perl,0.09236141,0.13783708,0.014033569,4097,0.06365553,3.078876
2014,php,1.9277115,2.3448958,0.370825,11083,0.73176754,53.752
2014,powershell,0.08427016,0.09707812,0.022049114,2416,0.011649484,2.1504688
2014,processing,0.09155355,0.08784989,0.019228797,3698,0.011008522,2.0964077
2014,prolog,0.013683172,0.018315742,0.0019790446,685,0.001666501,0.3564446
2014,puppet,0.0067153573,0.0066602696,0.0018876416,239,0.026858978,0.42122245
2014,purescript,1.2622852E-4,1.2898409E-4,1.594908E-5,22,5.261229E-4,0.007972846
2014,python,1.3796146,1.640701,0.25220644,53368,0.8454075,41.179295
2014,r,0.2962836,0.3321575,0.05259615,15078,0.18701935,8.680566
2014,red,8.58354E-4,8.09082E-4,1.3169314E-4,89,2.9377423E-5,0.018285066
2014,ruby,0.9520912,1.0244738,0.18395427,29268,0.8782327,30.38752
2014,rust,0.0065891286,0.0074224486,0.0016834982,800,0.0135189565,0.2921403
2014,sas,0.016283479,0.019183453,0.0024155108,713,2.323487E-4,0.38114792
2014,scala,0.106524244,0.12466899,0.02243368,9675,0.059633497,3.1326041
2014,scheme,0.010148773,0.013437797,0.0019018741,428,0.008385919,0.33874363
2014,self,0.0061094603,0.00730519,0.0031248275,260,5.3413496E-5,0.1659289
2014,shell,0.10003611,0.14250398,0.020945743,3460,0.2881658,5.5165167
2014,slash,8.4573106E-4,9.732436E-4,1.5505654E-4,14,2.964449E-4,0.022704761
2014,smalltalk,0.001615725,0.0025210527,2.1749396E-4,231,6.56986E-4,0.050112575
2014,sql,1.3115647,1.781411,0.23298027,25464,0.0015863809,33.27542
2014,squirrel,6.058969E-4,4.4558142E-4,1.4325563E-4,15,4.460027E-4,0.016407367
2014,swift,0.08928143,0.11466686,0.06084097,10074,0.02932668,2.9411592
2014,tcl,0.009101076,0.010611873,0.0012474373,276,0.0016531477,0.22613534
2014,tex,9.2146813E-4,5.628397E-4,2.0984125E-4,59,0.044074148,0.45768297
2014,turing,4.6704552E-4,3.1659735E-4,6.6275694E-5,30,6.943755E-5,0.009193561
2014,vcl,0.0026129303,0.002298262,6.151243E-4,116,1.3620441E-4,0.05662521
2014,verilog,0.0077882996,0.009521372,0.001808969,227,0.0029297303,0.2204837
2014,xml,0.31935814,0.32156906,0.055733882,6504,1.9495927E-4,6.96856
2014,xquery,0.0055161864,0.0065899147,7.419064E-4,193,5.6084176E-4,0.13408849
2014,xslt,0.053091716,0.061466787,0.006826397,1123,0.009892181,1.3127708
